name,time/op (ns/op),±
Gol/16x16x100-1-12,2.66343E+08,11%
Gol/64x64x100-1-12,3.57867E+08,2%
Gol/128x128x100-1-12,8.23014E+08,1%
Gol/256x256x100-1-12,2.18643E+09,0%
Gol/512x512x100-1-12,7.32261E+09,0%
