name,time/op (ns/op),±
Gol/16x16x100-1-12,2.60504E+08,3%
Gol/64x64x100-1-12,3.54857E+08,1%
Gol/128x128x100-1-12,8.24710E+08,1%
Gol/256x256x100-1-12,2.17354E+09,0%
Gol/512x512x100-1-12,7.28014E+09,1%
